e,v,z,e,w,d,o,g,k,r,c,o,w,f,n,e,s,c,o,i,i
s,z,y,f,q,x,y,e,k,n,o,d,w,f,k,o,h,y,k,y,y
u,a,w,y,t,v,k,m,s,w,a,n,a,a,r,o,a,t,u,j,j
o,e,c,t,y,h,s,i,f,j,s,w,c,z,x,p,r,h,m,i,i
m,u,c,k,c,u,d,i,z,e,l,t,r,u,t,o,k,v,j,l,l
m,l,y,a,l,m,e,s,u,o,m,d,t,j,k,k,u,k,a,v,v
i,o,j,a,f,r,n,n,m,w,g,c,n,m,e,s,y,r,x,y,y
l,i,a,o,b,y,m,x,u,l,x,k,a,o,j,n,p,d,t,a,a
i,i,g,i,y,e,k,n,o,m,p,v,h,t,p,p,p,z,i,e,e
o,e,i,x,q,t,e,r,p,q,r,j,p,r,l,s,i,f,g,l,l
n,a,y,s,t,h,t,h,w,x,u,r,e,e,g,n,f,r,e,w,w
c,s,t,d,r,f,a,n,m,f,p,c,l,v,i,w,s,o,r,t,t
t,i,b,b,a,r,c,l,e,q,s,y,e,a,h,u,p,g,l,h,h
g,i,a,o,n,l,p,e,s,r,o,h,p,e,i,t,o,e,k,f,f
v,p,f,f,a,u,j,o,l,j,o,f,m,b,a,i,i,o,a,q,q
